<?xml version="1.0" encoding="UTF-8"?>
<rss version="2.0" xmlns:ror="http://rorweb.com/0.1/" >
<channel>
  <title>ROR Sitemap for http://tgatasmix.com.br/</title>
  <link>http://tgatasmix.com.br/</link>

<item>
     <link>https://tgatasmix.com.br/</link>
     <title>Tgatasmix - Acompanhantes de Luxo </title>
     <description>Travesti em são paulo para sexo e serviços eróticos. bonecas e TGatas dotadas, a mais bela transex de são paulo. Desfrute a experiência travesti de luxo sp!</description>
     <ror:updatePeriod></ror:updatePeriod>
     <ror:sortOrder>0</ror:sortOrder>
     <ror:resourceOf>sitemap</ror:resourceOf>
</item>
</channel>
</rss>
  